window,source,frames,obstacle_prob_min,stop_frames,stop_frac,stop_episodes,slow_frames,slow_frac,slow_episodes,median_nearest_x_m
0528_buoys_oak_forward,A_recorded,1500,0.0,85,0.056666666666666664,37,446,0.29733333333333334,91,11.487604176157149
0528_buoys_oak_forward,B_ewasr_offline,1500,0.0,99,0.066,43,469,0.31266666666666665,78,14.4389871516503
0528_buoys_oak_forward,C_wasrt_h5,1500,0.0,46,0.030666666666666665,1,386,0.25733333333333336,24,20.457542792852813
0603_glare_offaxis_oak_forward,A_recorded,1050,0.0,10,0.009523809523809525,9,26,0.024761904761904763,21,75.88201659664404
0603_glare_offaxis_oak_forward,B_ewasr_offline,1050,0.0,12,0.011428571428571429,9,38,0.03619047619047619,33,60.736241067022526
0603_glare_offaxis_oak_forward,C_wasrt_h5,1050,0.0,0,0.0,0,0,0.0,0,75.55007228979291
0603_glare_offaxis_oak_port,A_recorded,1050,0.0,3,0.002857142857142857,2,12,0.011428571428571429,9,1.6227207242771264
0603_glare_offaxis_oak_port,B_ewasr_offline,1050,0.0,7,0.006666666666666667,5,37,0.035238095238095235,22,1.4798940982197013
0603_glare_offaxis_oak_port,C_wasrt_h5,1050,0.0,0,0.0,0,0,0.0,0,nan
0603_glare_offaxis_oak_starboard,A_recorded,1050,0.0,6,0.005714285714285714,6,13,0.012380952380952381,13,1.0410161410248968
0603_glare_offaxis_oak_starboard,B_ewasr_offline,1050,0.0,28,0.02666666666666667,18,96,0.09142857142857143,67,1.0020326495220404
0603_glare_offaxis_oak_starboard,C_wasrt_h5,1050,0.0,0,0.0,0,0,0.0,0,nan
0603_glare_onaxis_oak_forward,A_recorded,1800,0.0,95,0.05277777777777778,55,214,0.11888888888888889,111,62.352235266810546
0603_glare_onaxis_oak_forward,B_ewasr_offline,1800,0.0,177,0.09833333333333333,94,457,0.2538888888888889,201,21.132468422465855
0603_glare_onaxis_oak_forward,C_wasrt_h5,1800,0.0,0,0.0,0,2,0.0011111111111111111,2,156.14512035877863
0617_clutter_oak_forward,A_recorded,1499,0.6,754,0.5030020013342228,160,941,0.627751834556371,153,2.6338202958824453
0617_clutter_oak_forward,B_ewasr_offline,1499,0.6,621,0.4142761841227485,200,824,0.5496997998665777,171,2.843305595669726
0617_clutter_oak_forward,C_wasrt_h5,1499,0.6,2,0.00133422281521014,2,4,0.00266844563042028,4,358.811007198023
0622_mirror_am_oak_forward,A_recorded,1500,0.6,4,0.0026666666666666666,1,9,0.006,5,24.171804598817815
0622_mirror_am_oak_forward,B_ewasr_offline,1500,0.6,3,0.002,1,84,0.056,35,29.12689864336466
0622_mirror_am_oak_forward,C_wasrt_h5,1500,0.6,0,0.0,0,0,0.0,0,29.835514366315792
0622_mirror_oak_forward,A_recorded,1500,0.6,0,0.0,0,0,0.0,0,2.5190013978570898
0622_mirror_oak_forward,B_ewasr_offline,1500,0.6,0,0.0,0,0,0.0,0,842.1485961163721
0622_mirror_oak_forward,C_wasrt_h5,1500,0.6,0,0.0,0,0,0.0,0,933.3123612746833
0625_lines_oak_forward,A_recorded,2701,0.6,186,0.06886338393187708,105,338,0.1251388374676046,158,2.6446931153214157
0625_lines_oak_forward,B_ewasr_offline,2701,0.6,447,0.16549426138467235,176,634,0.234727878563495,180,2.3788892767835064
0625_lines_oak_forward,C_wasrt_h5,2701,0.6,0,0.0,0,1,0.00037023324694557573,1,117.93403300017485
