window,source,frames,obst_frac[argmax],obst_frac_water[argmax],obst_frac[p>=0.7],obst_frac_water[p>=0.7],obst_frac[p>=0.8],obst_frac_water[p>=0.8],obst_frac[p>=0.95],obst_frac_water[p>=0.95],flicker,flicker_water,blobs_water,persist_3of4_water,interior_px,interior_blobs,interior_frames
0521_impact_oak_forward,A_recorded,750,0.39917632378472223,0.3928135639429727,0.32404947916666665,0.31700774588482056,0.2753529730902778,0.2683860270089523,0.13454383680555557,0.12654853574848388,0.1434018143983645,0.15219560546132196,26.905333333333335,0.8622671542137095,160.348,25.682666666666666,0.9426666666666667
0521_impact_oak_forward,B_ewasr_offline,750,0.4682310112847222,0.46830981734379035,0.41329383680555554,0.40999873656771996,0.3715126953125,0.3675438496496588,0.21145540364583335,0.20228619495995015,0.1267615718527481,0.13360640735529017,20.541333333333334,0.8979287708586893,159.41733333333335,19.230666666666668,0.92
0521_impact_oak_forward,C_wasrt_h5,750,0.42811697048611114,0.44012459057194536,0.39209201388888887,0.4081820776906358,0.37179557291666665,0.38957269390360677,0.3239561631944444,0.3438333580320095,0.052034222713618156,0.047633965923784896,5.117333333333334,0.9293290157188153,361.01466666666664,3.462666666666667,0.812
0528_buoys_oak_forward,A_recorded,1500,0.07865945095486111,0.06039089626736111,0.06929595269097222,0.05189864253584957,0.06398719618055555,0.046632180482278136,0.048235134548611114,0.03136581707138348,0.03828876368968201,0.024136094315784725,3.0693333333333332,0.6103007911563256,6.605333333333333,1.4073333333333333,0.696
0528_buoys_oak_forward,B_ewasr_offline,1500,0.08913454861111111,0.07231115916418651,0.08335101996527777,0.06733296271870491,0.07962896050347222,0.06398466035917208,0.06809125434027778,0.05297129357187951,0.03920919067572826,0.026193453253843813,2.604,0.6357727400653276,15.842,1.1326666666666667,0.662
0528_buoys_oak_forward,C_wasrt_h5,1500,0.08754459635416667,0.07276482740349928,0.08505729166666667,0.07103673100987554,0.08350450303819444,0.06993721745919011,0.07891617838541666,0.06665690808757214,0.03639991765343562,0.024014565167119764,1.9106666666666667,0.6594990150532791,15.093333333333334,0.6546666666666666,0.492
0603_glare_offaxis_oak_forward,A_recorded,1050,0.011832914806547619,0.005213384388846379,0.010641198536706349,0.004700957124045768,0.00993133060515873,0.004420415013256935,0.007460084945436508,0.0034782773101767,0.04849810459366063,0.022581024909162153,0.9219047619047619,0.03674018289402905,1.2619047619047619,0.48,0.34095238095238095
0603_glare_offaxis_oak_forward,B_ewasr_offline,1050,0.012869621155753968,0.005780168425360784,0.011573350694444444,0.0052481393579728456,0.01085325210813492,0.004966207048418955,0.008871062748015872,0.004220921490471021,0.04901206444133301,0.02435881950876318,0.9942857142857143,0.0390854205562156,1.5857142857142856,0.48857142857142855,0.3361904761904762
0603_glare_offaxis_oak_forward,C_wasrt_h5,1050,0.012174789186507936,0.005381181379788957,0.011385013640873015,0.005079508247771233,0.010913240947420634,0.004897253189672046,0.009564654637896826,0.00440915440325996,0.04829360675842072,0.02352739161798233,0.5114285714285715,0.03910076065437116,0.7647619047619048,0.07523809523809524,0.06761904761904762
0603_glare_offaxis_oak_port,A_recorded,1050,0.003925083705357143,0.0006066189384758593,0.0031493365575396824,0.0004320839260937527,0.002659582713293651,0.0003496188770044084,0.0011073908730158731,0.0001266476544250663,0.05174881335398793,0.019687225274725276,0.6180952380952381,0.0006799637352674524,1.7085714285714286,0.4552380952380952,0.3142857142857143
0603_glare_offaxis_oak_port,B_ewasr_offline,1050,0.0044011191716269845,0.0008765170275918998,0.003499968998015873,0.0005804112440065336,0.003078729538690476,0.00048353882361206244,0.0021214657738095237,0.0002943220138047315,0.05191498723983159,0.021133104395604396,0.7866666666666666,0.0007834534628643058,2.6085714285714285,0.560952380952381,0.32476190476190475
0603_glare_offaxis_oak_port,C_wasrt_h5,1050,0.004230220734126984,0.0007093915204524299,0.0037451171875,0.0006026397597344433,0.0034838479662698415,0.0005510476491560848,0.0028728763640873014,0.00042988851713297155,0.05166976051100254,0.020820741758241758,0.41904761904761906,0.00154828720727695,1.5152380952380953,0.25047619047619046,0.21333333333333335
0603_glare_offaxis_oak_starboard,A_recorded,1050,0.04549564422123016,0.018666941280961552,0.04265190972222222,0.01653976131383226,0.040829303075396825,0.015258213526794608,0.034191313244047616,0.011101516327445382,0.07994779254051478,0.05171291661820659,3.3457142857142856,0.025865851365374302,2.0476190476190474,1.0857142857142856,0.6152380952380953
0603_glare_offaxis_oak_starboard,B_ewasr_offline,1050,0.04883083767361111,0.025213327578192442,0.045663364955357146,0.022072167184075966,0.04399824838789682,0.02066195879540474,0.03955155629960318,0.017475144639418287,0.08253419365169208,0.059219339309153136,4.979047619047619,0.028617106314948043,15.768571428571429,3.0047619047619047,0.8542857142857143
0603_glare_offaxis_oak_starboard,C_wasrt_h5,1050,0.046847640749007935,0.021779178979347898,0.04535939050099207,0.020771294367155854,0.044404451884920634,0.02015068854173584,0.04173122829861111,0.01844658406102663,0.07980861609270734,0.05420891346968614,1.5933333333333333,0.029650416455204942,0.3504761904761905,0.19904761904761906,0.15619047619047619
0603_glare_onaxis_oak_forward,A_recorded,1800,0.030965711805555556,0.01286710670881562,0.027174388744212963,0.010679871746065401,0.024889820240162036,0.009516041981900366,0.017785056785300925,0.006278672211567189,0.0504978894524736,0.02740323068651938,3.5233333333333334,0.06822634956764558,9.516111111111112,2.0294444444444446,0.6972222222222222
0603_glare_onaxis_oak_forward,B_ewasr_offline,1800,0.03689231589988426,0.018122072543104696,0.033380714699074075,0.015377506409082586,0.03158180519386574,0.014218119030638306,0.02689231589988426,0.011642890616717586,0.05352085432300352,0.033557278055295715,5.3405555555555555,0.08417901000653777,12.247777777777777,3.698888888888889,0.8961111111111111
0603_glare_onaxis_oak_forward,C_wasrt_h5,1800,0.033292236328125,0.014501452886014708,0.031716896339699076,0.013704232885821952,0.03074535228587963,0.013221895209090296,0.028032316984953703,0.011889857144922368,0.05053127388479711,0.029034711708149707,1.2,0.08034854486682318,0.43777777777777777,0.10722222222222222,0.07611111111111112
0617_clutter_oak_forward,A_recorded,1499,0.07877598737700134,0.0602917368570741,0.06881095643623526,0.051051471674068566,0.06477783148835335,0.04740792294734079,0.053896119548448966,0.03605220320396421,0.027412254968430128,0.026798285161509245,9.13008672448299,0.6530199312480565,73.84589726484323,7.89859906604403,0.867244829886591
0617_clutter_oak_forward,B_ewasr_offline,1499,0.07662910256142984,0.06571274940383733,0.07073851100386369,0.059057023780874664,0.06827050281785078,0.05663229273775405,0.06333785240507561,0.05261161300290971,0.023160546527314196,0.02438843971999956,5.815210140093396,0.696995358132518,64.91060707138092,4.777851901267511,0.7304869913275517
0617_clutter_oak_forward,C_wasrt_h5,1499,0.07016662366925172,0.05700515079087269,0.06851773795377473,0.0559274260812969,0.06744720004308428,0.05522982344833621,0.06431506638105959,0.0531400066179527,0.013382752524198932,0.010262367005265059,1.027351567711808,0.787246502157716,0.044029352901934625,0.015343562374916611,0.01467645096731154
0622_mirror_am_oak_forward,A_recorded,1500,0.045194986979166664,0.016639996354886097,0.03468283420138889,0.008832035617970137,0.029499348958333334,0.0060346505075752595,0.016714246961805554,0.002031619992764586,0.01155370941738937,0.009129767187380015,8.706666666666667,0.6741397666077501,14.606,4.517333333333333,0.9506666666666667
0622_mirror_am_oak_forward,B_ewasr_offline,1500,0.08746055772569444,0.07706812251967814,0.06968798828125,0.052060208785546715,0.059956434461805555,0.039462297737288696,0.037512749565972225,0.01579415178473547,0.015472011723093173,0.01993152953146769,9.65,0.8403744992142244,61.118,6.758666666666667,0.966
0622_mirror_am_oak_forward,C_wasrt_h5,1500,0.09545681423611112,0.0870522744962617,0.09154975043402777,0.08206893444824487,0.08891064453125,0.07867904703567279,0.08034054904513889,0.06746501170273411,0.005491019620719369,0.004623205019910703,1.0793333333333333,0.9382158131341642,0.18266666666666667,0.06333333333333334,0.04466666666666667
0622_mirror_oak_forward,A_recorded,1500,0.03205327690972222,0.001855923242857628,0.02767583550347222,0.0009284481831255449,0.025281141493055555,0.0005534418135906059,0.017904947916666667,0.00014145675510412065,0.004645078055509229,0.0005696577697955853,1.5606666666666666,0.7298639293387443,0.06133333333333333,0.05333333333333334,0.052
0622_mirror_oak_forward,B_ewasr_offline,1500,0.038552408854166664,0.002834443047864932,0.03609087456597222,0.002453863335258348,0.03452294921875,0.002224471611690503,0.029691786024305555,0.0012853190712368789,0.003165467516538804,0.0006078120042605267,1.5233333333333334,0.7733988605772241,0.005333333333333333,0.005333333333333333,0.005333333333333333
0622_mirror_oak_forward,C_wasrt_h5,1500,0.03910091145833333,0.002303825401139156,0.037429036458333335,0.002102565790218659,0.036382215711805554,0.0019797753111163953,0.033518663194444444,0.0016275046426832444,0.003200755799004892,0.0004792738408194715,1.3166666666666667,0.7679485698887477,0.0,0.0,0.0
0625_lines_oak_forward,A_recorded,2701,0.09955957067405591,0.04057168059889497,0.08401549893750772,0.031114778062466004,0.07549067354490621,0.026599403108986286,0.049985465452610144,0.014989774483982709,0.01780487437307099,0.011609523379955784,5.290262865605332,0.7549087605124716,15.574231766012588,2.1255090707145503,0.5997778600518326
0625_lines_oak_forward,B_ewasr_offline,2701,0.11382234854182093,0.06650029701411354,0.0993289582658429,0.055119154547536575,0.09080536818925089,0.04888467621883141,0.06674454580865112,0.03289024254959778,0.017825098861882716,0.015541994928233502,4.229544613106257,0.805986727557004,47.42021473528323,2.5057386153276564,0.5849685301740096
0625_lines_oak_forward,C_wasrt_h5,2701,0.13668569776433112,0.08410732944948612,0.13444528646797482,0.08208660466347943,0.13302250372161545,0.08080246593283903,0.12890992581836974,0.07705990917809395,0.007565134307484568,0.005317157233352807,1.1392077008515364,0.9035763012529155,0.00777489818585709,0.004442798963346909,0.0037023324694557573
